index,pv_system_id
0,2603
1,2607
2,2625
3,2626
4,2628
5,2631
6,2638
7,2657
8,2660
9,2661
10,2729
11,2754
12,2760
13,2766
14,2770
15,2775
16,2776
17,2777
18,2783
19,2784
20,2786
21,2789
22,2793
23,2812
24,2813
25,2814
26,2815
27,2816
28,2819
29,2822
30,2824
31,2828
32,2829
33,2830
34,2832
35,2833
36,2834
37,2835
38,2855
39,2867
40,2880
41,2881
42,2883
43,2902
44,2903
45,2904
46,2908
47,2912
48,2915
49,2918
50,2923
51,2940
52,2947
53,2975
54,2976
55,2989
56,2997
57,2998
58,2999
59,3000
60,3001
61,3003
62,3005
63,3007
64,3016
65,3017
66,3019
67,3020
68,3021
69,3026
70,3039
71,3074
72,3080
73,3085
74,3086
75,3087
76,3089
77,3093
78,3094
79,3100
80,3117
81,3118
82,3122
83,3123
84,3125
85,3126
86,3146
87,3147
88,3148
89,3149
90,3152
91,3175
92,3208
93,3231
94,3233
95,3235
96,3236
97,3237
98,3238
99,3239
100,3240
101,3242
102,3243
103,3248
104,3249
105,3250
106,3258
107,3263
108,3264
109,3266
110,3267
111,3268
112,3270
113,3271
114,3278
115,3280
116,3281
117,3288
118,3311
119,3313
120,3323
121,3324
122,3325
123,3326
124,3329
125,3333
126,3334
127,3338
128,3431
129,3432
130,3433
131,3435
132,3437
133,3442
134,3443
135,3444
136,3453
137,3454
138,3469
139,3470
140,3472
141,3473
142,3476
143,3487
144,3488
145,3489
146,3496
147,3502
148,3513
149,3536
150,3540
151,3543
152,3770
153,3772
154,3799
155,3805
156,3811
157,3822
158,3831
159,3857
160,3864
161,3865
162,3866
163,3869
164,3872
165,3951
166,3952
167,4002
168,4003
169,4029
170,4030
171,4033
172,4035
173,4044
174,4045
175,4046
176,4056
177,4065
178,4067
179,4090
180,4092
181,4114
182,4116
183,4117
184,4124
185,4127
186,4157
187,4158
188,4159
189,4238
190,4323
191,4326
192,4392
193,4420
194,4421
195,4422
196,4476
197,4480
198,4754
199,5177
200,5265
201,5352
202,5358
203,5372
204,5427
205,5428
206,5429
207,5444
208,5471
209,5512
210,5589
211,5596
212,5597
213,5598
214,5660
215,5690
216,5753
217,5754
218,5755
219,5778
220,5780
221,5781
222,5803
223,5805
224,5826
225,5861
226,5871
227,5890
228,5895
229,5899
230,5900
231,5908
232,5953
233,5974
234,5976
235,5986
236,5990
237,6011
238,6021
239,6026
240,6032
241,6035
242,6038
243,6049
244,6054
245,6064
246,6075
247,6093
248,6094
249,6125
250,6126
251,6127
252,6329
253,6330
254,6336
255,6362
256,6363
257,6364
258,6372
259,6380
260,6383
261,6409
262,6410
263,6424
264,6425
265,6427
266,6430
267,6431
268,6433
269,6440
270,6441
271,6442
272,6446
273,6452
274,6472
275,6478
276,6481
277,6482
278,6488
279,6489
280,6490
281,6491
282,6492
283,6493
284,6494
285,6498
286,6503
287,6504
288,6506
289,6516
290,6526
291,6527
292,6541
293,6548
294,6560
295,6566
296,6567
297,6571
298,6573
299,6575
300,6576
301,6577
302,6596
303,6597
304,6601
305,6602
306,6603
307,6605
308,6609
309,6610
310,6611
311,6613
312,6614
313,6615
314,6616
315,6617
316,6618
317,6619
318,6620
319,6621
320,6629
321,6630
322,6633
323,6634
324,6637
325,6638
326,6640
327,6641
328,6643
329,6645
330,6646
331,6648
332,6656
333,6663
334,6665
335,6667
336,6669
337,6670
338,6671
339,6672
340,6673
341,6675
342,6676
343,6677
344,6678
345,6681
346,6682
347,6721
348,6723
349,6726
350,6727
351,6729
352,6732
353,6748
354,6780
355,6781
356,6785
357,6786
358,6789
359,6794
360,6795
361,6796
362,6797
363,6798
364,6800
365,6801
366,6804
367,6807
368,6815
369,6817
370,6826
371,6827
372,6828
373,6830
374,6834
375,6835
376,6838
377,6839
378,6842
379,6843
380,6845
381,6846
382,6848
383,6849
384,6856
385,6862
386,6865
387,6867
388,6868
389,6869
390,6870
391,6871
392,6872
393,6873
394,6874
395,6875
396,6877
397,6878
398,6880
399,6881
400,6882
401,6891
402,6892
403,6896
404,6897
405,6898
406,6901
407,6902
408,6917
409,6927
410,6928
411,6932
412,6936
413,6938
414,6949
415,6950
416,6951
417,6952
418,6953
419,6958
420,6961
421,6962
422,6964
423,6966
424,6967
425,6971
426,6972
427,6975
428,6979
429,6981
430,6982
431,6990
432,6991
433,6994
434,6998
435,6999
436,7001
437,7014
438,7016
439,7017
440,7019
441,7025
442,7030
443,7033
444,7035
445,7043
446,7044
447,7049
448,7050
449,7051
450,7055
451,7058
452,7060
453,7061
454,7062
455,7065
456,7066
457,7076
458,7085
459,7088
460,7090
461,7092
462,7093
463,7111
464,7114
465,7116
466,7117
467,7118
468,7119
469,7120
470,7124
471,7127
472,7132
473,7136
474,7143
475,7149
476,7151
477,7152
478,7154
479,7155
480,7156
481,7158
482,7159
483,7162
484,7163
485,7166
486,7171
487,7172
488,7173
489,7174
490,7175
491,7176
492,7177
493,7184
494,7190
495,7192
496,7194
497,7195
498,7199
499,7200
500,7201
501,7202
502,7203
503,7213
504,7229
505,7230
506,7234
507,7236
508,7237
509,7238
510,7239
511,7240
512,7241
513,7243
514,7245
515,7247
516,7248
517,7255
518,7256
519,7257
520,7258
521,7259
522,7262
523,7268
524,7274
525,7275
526,7276
527,7277
528,7285
529,7286
530,7287
531,7289
532,7290
533,7291
534,7292
535,7293
536,7294
537,7295
538,7311
539,7312
540,7313
541,7314
542,7315
543,7317
544,7329
545,7338
546,7339
547,7344
548,7349
549,7351
550,7356
551,7359
552,7368
553,7369
554,7378
555,7379
556,7383
557,7384
558,7386
559,7387
560,7390
561,7392
562,7393
563,7394
564,7395
565,7396
566,7399
567,7401
568,7402
569,7408
570,7409
571,7410
572,7411
573,7412
574,7438
575,7439
576,7440
577,7445
578,7446
579,7447
580,7448
581,7451
582,7452
583,7464
584,7468
585,7469
586,7471
587,7473
588,7477
589,7478
590,7479
591,7487
592,7490
593,7495
594,7498
595,7517
596,7519
597,7520
598,7521
599,7527
600,7528
601,7533
602,7534
603,7537
604,7547
605,7548
606,7550
607,7551
608,7553
609,7554
610,7555
611,7556
612,7557
613,7558
614,7560
615,7562
616,7566
617,7568
618,7569
619,7579
620,7580
621,7581
622,7585
623,7593
624,7595
625,7603
626,7608
627,7633
628,7634
629,7635
630,7636
631,7638
632,7639
633,7640
634,7642
635,7644
636,7648
637,7651
638,7660
639,7661
640,7662
641,7664
642,7669
643,7670
644,7674
645,7693
646,7694
647,7695
648,7699
649,7700
650,7702
651,7719
652,7720
653,7721
654,7722
655,7723
656,7748
657,7756
658,7757
659,7758
660,7759
661,7762
662,7763
663,7766
664,7767
665,7772
666,7776
667,7777
668,7830
669,7832
670,7833
671,7834
672,7835
673,7836
674,7837
675,7843
676,7844
677,7845
678,7846
679,7847
680,7865
681,7885
682,7890
683,7901
684,7902
685,7903
686,7904
687,7905
688,7906
689,7907
690,7909
691,7910
692,7927
693,7928
694,7930
695,7932
696,8066
697,8090
698,8099
699,8137
700,8175
701,8215
702,8229
703,8253
704,8266
705,8267
706,8281
707,8376
708,8411
709,8412
710,8419
711,8420
712,8440
713,8453
714,8464
715,8505
716,8551
717,8558
718,8587
719,8591
720,8612
721,8648
722,8670
723,8708
724,8713
725,8715
726,8801
727,8856
728,8914
729,9069
730,9070
731,9101
732,9107
733,9108
734,9153
735,9171
736,9172
737,9173
738,9191
739,9350
740,9366
741,9367
742,9368
743,9369
744,9478
745,9479
746,9480
747,9530
748,9531
749,9569
750,9570
751,9648
752,9730
753,9760
754,9763
755,9764
756,9765
757,9815
758,9816
759,9865
760,9866
761,9867
762,9870
763,9871
764,9902
765,9903
766,9960
767,9989
768,10003
769,10004
770,10005
771,10048
772,10049
773,10063
774,10064
775,10082
776,10086
777,10131
778,10149
779,10150
780,10167
781,10168
782,10169
783,10190
784,10205
785,10206
786,10207
787,10222
788,10254
789,10278
790,10280
791,10361
792,10366
793,10367
794,10425
795,10426
796,10437
797,10438
798,10440
799,10466
800,10497
801,10509
802,10511
803,10512
804,10513
805,10523
806,10528
807,10531
808,10532
809,10533
810,10547
811,10548
812,10585
813,10586
814,10589
815,10595
816,10619
817,10620
818,10630
819,10631
820,10639
821,10640
822,10648
823,10649
824,10650
825,10685
826,10686
827,10689
828,10692
829,10693
830,10702
831,10704
832,10791
833,10792
834,10793
835,10794
836,10835
837,10837
838,10838
839,10840
840,10841
841,10842
842,10843
843,10844
844,10890
845,10929
846,10973
847,10974
848,10975
849,10976
850,11040
851,11042
852,11151
853,11153
854,11166
855,11174
856,11175
857,11176
858,11287
859,11401
860,11438
861,11441
862,11465
863,11466
864,11494
865,11522
866,11558
867,11573
868,11590
869,11591
870,11628
871,11630
872,11655
873,11656
874,11657
875,11685
876,11687
877,11688
878,11712
879,11724
880,11752
881,11769
882,11811
883,11827
884,11828
885,11865
886,11895
887,11896
888,11962
889,11983
890,11987
891,12013
892,12029
893,12035
894,12091
895,12092
896,12314
897,12368
898,12371
899,12398
900,12451
901,12487
902,12495
903,12642
904,12644
905,12645
906,12646
907,12647
908,12648
909,12761
910,12764
911,12766
912,12772
913,12826
914,12846
915,12847
916,12860
917,12886
918,12887
919,12917
920,12918
921,12919
922,12920
923,13012
924,13052
925,13057
926,13308
927,13309
928,13310
929,13311
930,13387
931,13388
932,13389
933,13390
934,13415
935,13485
936,13498
937,13499
938,13500
939,13570
940,13607
941,13641
942,13670
943,13767
944,13768
945,13769
946,13770
947,13773
948,13811
949,13817
950,13840
951,14308
952,14316
953,14394
954,14452
955,14453
956,14455
957,14467
958,14531
959,14577
960,14649
961,14650
962,14657
963,14666
964,14672
965,14673
966,14674
967,14757
968,14786
969,14859
970,14861
971,14923
972,14924
973,15051
974,15091
975,15225
976,15359
977,15603
978,15721
979,15765
980,15830
981,15846
982,15850
983,15851
984,15852
985,15949
986,15967
987,16214
988,16215
989,16216
990,16267
991,16298
992,16364
993,16474
994,16477
995,16480
996,16483
997,16570
998,16597
999,16715
1000,16717
1001,16718
1002,16769
1003,16770
1004,16920
1005,16921
1006,17034
1007,17035
1008,17062
1009,17073
1010,17166
1011,17333
1012,17465
1013,17693
1014,17878
1015,18019
1016,18128
1017,18161
1018,18249
1019,18873
1020,18989
1021,18990
1022,20857
1023,22335
1024,23083
1025,26771
1026,26772
1027,26773
1028,26774
1029,26775
1030,26776
1031,26777
1032,26778
1033,26780
1034,26781
1035,26782
1036,26783
1037,26784
1038,26785
1039,26786
1040,26787
1041,26788
1042,26789
1043,26790
1044,26791
1045,26792
1046,26793
1047,26794
1048,26795
1049,26796
1050,26797
1051,26798
1052,26799
1053,26800
1054,26801
1055,26802
1056,26803
1057,26804
1058,26805
1059,26806
1060,26807
1061,26808
1062,26809
1063,26810
1064,26811
1065,26812
1066,26813
1067,26815
1068,26816
1069,26817
1070,26818
1071,26819
1072,26822
1073,26823
1074,26824
1075,26825
1076,26826
1077,26827
1078,26828
1079,26829
1080,26830
1081,26831
1082,26832
1083,26833
1084,26834
1085,26835
1086,26836
1087,26837
1088,26838
1089,26839
1090,26840
1091,26841
1092,26842
1093,26843
1094,26844
1095,26845
1096,26846
1097,26848
1098,26849
1099,26850
1100,26851
1101,26852
1102,26853
1103,26854
1104,26855
1105,26856
1106,26858
1107,26859
1108,26860
1109,26861
1110,26862
1111,26863
1112,26864
1113,26865
1114,26866
1115,26867
1116,26868
1117,26869
1118,26870
1119,26871
1120,26872
1121,26873
1122,26874
1123,26875
1124,26876
1125,26877
1126,26878
1127,26879
1128,26880
1129,26881
1130,26882
1131,26883
1132,26884
1133,26885
1134,26886
1135,26887
1136,26889
1137,26890
1138,26891
1139,26892
1140,26893
1141,26894
1142,26895
1143,26896
1144,26897
1145,26898
1146,26899
1147,26900
1148,26901
1149,26902
1150,26903
1151,26904
1152,26905
1153,26906
1154,26907
1155,26908
1156,26909
1157,26910
1158,26911
1159,26912
1160,26913
1161,26914
1162,26915
1163,26916
1164,26917
1165,26918
1166,26919
1167,26920
1168,26921
1169,26922
1170,26923
1171,26924
1172,26925
1173,26926
1174,26927
1175,26928
1176,26929
1177,26930
1178,26931
1179,26932
1180,26933
1181,26934
1182,26935
1183,26936
1184,26937
1185,26938
1186,26939
1187,26940
1188,26941
1189,26942
1190,26943
1191,26944
1192,26945
1193,26947
1194,26948
1195,26949
1196,26951
1197,26952
1198,26953
1199,26954
1200,26955
1201,26956
1202,26957
1203,26958
1204,26959
1205,26960
1206,26961
1207,26962
1208,26963
1209,26964
1210,26965
1211,26966
1212,26967
1213,26968
1214,26969
1215,26970
1216,26971
1217,26972
1218,26973
1219,26974
1220,26975
1221,26976
1222,26977
1223,26978
1224,26979
1225,26980
1226,26981
1227,26982
1228,26983
1229,26984
1230,26985
1231,26986
1232,26987
1233,26988
1234,26989
1235,26990
1236,26991
1237,26992
1238,26993
1239,26994
1240,26995
1241,26996
1242,26997
1243,26998
1244,26999
1245,27000
1246,27001
1247,27002
1248,27003
1249,27004
1250,27005
1251,27006
1252,27007
1253,27008
1254,27009
1255,27011
1256,27012
1257,27013
1258,27014
1259,27015
1260,27016
1261,27017
1262,27018
1263,27019
1264,27020
1265,27021
1266,27022
1267,27023
1268,27024
1269,27025
1270,27026
1271,27027
1272,27028
1273,27029
1274,27030
1275,27031
1276,27032
1277,27033
1278,27034
1279,27035
1280,27036
1281,27037
1282,27038
1283,27041
1284,27042
1285,27043
1286,27044
1287,27045
1288,27046
1289,27047
1290,27048
1291,27049
1292,27050
1293,27051
1294,27052
1295,27053
1296,27054
1297,27055
1298,27056
1299,27057
1300,27058
1301,27059
1302,27060
1303,27061
1304,27062
1305,27063
1306,27064
1307,27065
1308,27066
1309,27067
1310,27068
